date,description,amount
2025-08-03,LANDLORD PAYMENT - RENT,-1500
2025-08-03,PROPERTY MANAGEMENT FEE,-75
2025-08-03,PAYCHECK - DIRECT DEPOSIT,3200
2025-08-03,STARBUCKS #338,-6.69
2025-08-03,CHIPOTLE MEXICAN #836,-19.05
2025-08-03,SHELL GAS STATION,-41.61
2025-08-03,UBER RIDE,-20.92
2025-08-04,STARBUCKS #743,-5.38
2025-08-04,STARBUCKS #646,-6.4
2025-08-04,SHELL GAS STATION,-36.35
2025-08-04,AMAZON MARKETPLACE,-95.81
2025-08-04,MCDONALD RESTAURANT,-40.73
2025-08-05,STARBUCKS #967,-4.79
2025-08-05,CHIPOTLE MEXICAN #911,-13.14
2025-08-05,CHIPOTLE MEXICAN #564,-12.17
2025-08-05,CHEVRON FUEL,-48.62
2025-08-05,TARGET STORE,-49.16
2025-08-06,STARBUCKS #858,-4.81
2025-08-06,PANERA BREAD #652,-12.81
2025-08-06,ROSS STORE,-77.47
2025-08-07,NETFLIX SUBSCRIPTION,-15.99
2025-08-07,SPOTIFY PREMIUM,-9.99
2025-08-07,STARBUCKS #786,-5.57
2025-08-07,DUNKIN DONUTS #755,-4.45
2025-08-08,STARBUCKS #928,-6.27
2025-08-08,STARBUCKS #204,-6.79
2025-08-08,STARBUCKS #777,-4.71
2025-08-08,CHIPOTLE MEXICAN #621,-14.99
2025-08-08,TRADER JOES,-38.55
2025-08-09,GYM MEMBERSHIP,-49.99
2025-08-09,STARBUCKS #181,-7.52
2025-08-09,CHIPOTLE MEXICAN #111,-17.87
2025-08-09,TRADER JOES,-51.9
2025-08-09,TARGET STORE,-50.98
2025-08-10,DISNEY+ STREAMING,-7.99
2025-08-10,STARBUCKS #473,-8.97
2025-08-10,STARBUCKS #763,-10.23
2025-08-10,DUNKIN DONUTS #680,-5.64
2025-08-10,CHIPOTLE MEXICAN #282,-17.5
2025-08-10,TARGET STORE,-55.98
2025-08-11,IKEA FURNITURE,-251.6
2025-08-12,HULU SUBSCRIPTION,-14.99
2025-08-12,TARGET STORE,-76.7
2025-08-13,STARBUCKS #144,-5.29
2025-08-14,AMAZON PRIME MEMBERSHIP,-14.99
2025-08-14,UNKNOWN APP PURCHASE,-2.99
2025-08-14,CHIPOTLE MEXICAN #641,-14.98
2025-08-15,CHIPOTLE MEXICAN #470,-12.92
2025-08-15,CHEVRON FUEL,-49.34
2025-08-16,DUNKIN DONUTS #352,-5.83
2025-08-16,TARGET STORE,-70.44
2025-08-16,CVS PHARMACY,-40.42
2025-08-17,ELECTRIC COMPANY - MONTHLY,-110.24
2025-08-17,GAS UTILITY BILL,-84.0
2025-08-17,PAYCHECK - DIRECT DEPOSIT,3200
2025-08-17,STARBUCKS #303,-6.41
2025-08-17,DUNKIN DONUTS #758,-8.0
2025-08-17,CHIPOTLE MEXICAN #981,-19.29
2025-08-17,SHELL GAS STATION,-40.57
2025-08-17,SHELL GAS STATION,-45.78
2025-08-18,PANERA BREAD #775,-9.63
2025-08-18,WHOLE FOODS MARKET,-90.49
2025-08-18,TRADER JOES,-41.05
2025-08-18,CVS PHARMACY,-13.67
2025-08-19,PANERA BREAD #214,-11.44
2025-08-19,TRADER JOES,-46.51
2025-08-19,SHELL GAS STATION,-39.86
2025-08-19,UBER EATS,-47.06
2025-08-20,INTERNET SERVICE PROVIDER,-79.99
2025-08-20,STARBUCKS #691,-7.09
2025-08-21,TRADER JOES,-56.91
2025-08-21,BEST BUY ELECTRONICS,-153.44
2025-08-22,WATER & SEWER UTILITY,-49.5
2025-08-22,APP STORE CHARGE,-4.99
2025-08-22,DUNKIN DONUTS #432,-4.05
2025-08-22,CHIPOTLE MEXICAN #494,-12.98
2025-08-22,CHIPOTLE MEXICAN #649,-10.57
2025-08-22,SUBWAY SANDWICH,-24.07
2025-08-23,STARBUCKS #529,-9.25
2025-08-23,STARBUCKS #259,-7.73
2025-08-23,STARBUCKS #487,-8.55
2025-08-23,PANERA BREAD #878,-18.31
2025-08-23,WHOLE FOODS MARKET,-74.92
2025-08-23,SHELL GAS STATION,-52.65
2025-08-23,CHEVRON FUEL,-53.47
2025-08-23,INSTACART,-45.37
2025-08-24,DUNKIN DONUTS #864,-6.79
2025-08-24,CHIPOTLE MEXICAN #448,-19.38
2025-08-24,WHOLE FOODS MARKET,-96.74
2025-08-25,PARKING METER,-33.02
2025-08-26,PANERA BREAD #346,-10.2
2025-08-26,CHEVRON FUEL,-43.81
2025-08-27,MYSTERY SUBSCRIPTION,-1.99
2025-08-27,DUNKIN DONUTS #510,-5.51
2025-08-27,PANERA BREAD #303,-11.54
2025-08-28,STARBUCKS #263,-6.78
2025-08-28,STARBUCKS #489,-7.1
2025-08-28,DUNKIN DONUTS #334,-5.44
2025-08-28,MARSHALLS,-60.23
2025-08-29,STARBUCKS #532,-4.76
2025-08-29,DUNKIN DONUTS #771,-4.29
2025-08-29,PANERA BREAD #187,-13.73
2025-08-29,DOMINOS PIZZA,-11.24
2025-08-30,DIGITAL SERVICE FEE,-3.49
2025-08-30,PANERA BREAD #405,-18.69
2025-08-30,PANERA BREAD #951,-18.75
2025-08-30,OPTOMETRIST CLINIC,-269.74
2025-08-31,PANERA BREAD #100,-19.06
2025-08-31,WHOLE FOODS MARKET,-57.38
2025-08-31,WHOLE FOODS MARKET,-114.67
2025-09-02,LANDLORD PAYMENT - RENT,-1500
2025-09-02,PROPERTY MANAGEMENT FEE,-75
2025-09-02,PAYCHECK - DIRECT DEPOSIT,3200
2025-09-02,DUNKIN DONUTS #915,-4.41
2025-09-02,DUNKIN DONUTS #440,-5.34
2025-09-02,PANERA BREAD #453,-11.98
2025-09-02,PANERA BREAD #651,-13.63
2025-09-02,CVS PHARMACY,-36.78
2025-09-03,STARBUCKS #371,-5.14
2025-09-03,STARBUCKS #949,-6.4
2025-09-03,BOWLING ALLEY,-32.83
2025-09-03,BOWLING ALLEY,-56.15
2025-09-05,STARBUCKS #170,-5.55
2025-09-05,STARBUCKS #209,-4.85
2025-09-05,STARBUCKS #265,-7.44
2025-09-06,NETFLIX SUBSCRIPTION,-15.99
2025-09-06,SPOTIFY PREMIUM,-9.99
2025-09-06,PANERA BREAD #371,-19.34
2025-09-06,CONCERT VENUE TICKETS,-146.89
2025-09-07,DUNKIN DONUTS #205,-5.77
2025-09-07,CHIPOTLE MEXICAN #571,-19.72
2025-09-07,PANERA BREAD #546,-12.91
2025-09-07,WHOLE FOODS MARKET,-94.87
2025-09-07,CHEVRON FUEL,-40.49
2025-09-08,GYM MEMBERSHIP,-49.99
2025-09-08,CHIPOTLE MEXICAN #297,-10.12
2025-09-08,CVS PHARMACY,-33.65
2025-09-08,HOME DEPOT HARDWARE,-118.47
2025-09-08,AMAZON MARKETPLACE,-31.07
2025-09-09,DISNEY+ STREAMING,-7.99
2025-09-09,STARBUCKS #889,-4.51
2025-09-09,CHIPOTLE MEXICAN #210,-13.94
2025-09-09,TRADER JOES,-56.49
2025-09-10,STARBUCKS #234,-5.3
2025-09-10,STARBUCKS #999,-6.49
2025-09-11,HULU SUBSCRIPTION,-14.99
2025-09-11,UBER EATS,-21.79
2025-09-12,DUNKIN DONUTS #995,-4.9
2025-09-12,CHIPOTLE MEXICAN #992,-14.1
2025-09-13,AMAZON PRIME MEMBERSHIP,-14.99
2025-09-13,UNKNOWN APP PURCHASE,-2.99
2025-09-13,CHIPOTLE MEXICAN #581,-14.27
2025-09-14,DUNKIN DONUTS #258,-7.07
2025-09-14,CHIPOTLE MEXICAN #171,-15.95
2025-09-14,PARKING METER,-31.71
2025-09-15,STARBUCKS #202,-7.5
2025-09-15,STARBUCKS #409,-6.13
2025-09-15,SHELL GAS STATION,-48.51
2025-09-16,ELECTRIC COMPANY - MONTHLY,-137.76
2025-09-16,GAS UTILITY BILL,-61.22
2025-09-16,PAYCHECK - DIRECT DEPOSIT,3200
2025-09-16,STARBUCKS #966,-7.22
2025-09-16,CHIPOTLE MEXICAN #963,-13.4
2025-09-16,SHELL GAS STATION,-50.87
2025-09-17,STARBUCKS #667,-6.5
2025-09-17,CHIPOTLE MEXICAN #218,-14.7
2025-09-17,TRADER JOES,-35.02
2025-09-17,TOLL ROAD,-26.81
2025-09-17,MARSHALLS,-103.74
2025-09-17,ARCADE CENTER,-59.35
2025-09-18,STARBUCKS #807,-4.84
2025-09-18,DUNKIN DONUTS #230,-3.87
2025-09-19,INTERNET SERVICE PROVIDER,-79.99
2025-09-19,STARBUCKS #769,-7.46
2025-09-19,STARBUCKS #308,-6.65
2025-09-19,TRADER JOES,-50.05
2025-09-19,SHELL GAS STATION,-41.44
2025-09-20,STARBUCKS #423,-8.67
2025-09-20,LUXURY ELECTRONICS PURCHASE,-2487.99
2025-09-21,WATER & SEWER UTILITY,-42.61
2025-09-21,APP STORE CHARGE,-4.99
2025-09-21,STARBUCKS #423,-7.56
2025-09-21,STARBUCKS #617,-9.88
2025-09-21,PANERA BREAD #854,-19.18
2025-09-21,PANERA BREAD #171,-15.15
2025-09-21,WHOLE FOODS MARKET,-54.35
2025-09-21,WHOLE FOODS MARKET,-69.46
2025-09-21,TRADER JOES,-80.14
2025-09-21,SHELL GAS STATION,-40.68
2025-09-21,SHELL GAS STATION,-47.39
2025-09-21,CHEVRON FUEL,-44.49
2025-09-21,RESTAURANT CATERING SERVICE,-523.45
2025-09-22,PANERA BREAD #720,-10.57
2025-09-22,WHOLE FOODS MARKET,-86.58
2025-09-22,CVS PHARMACY,-28.31
2025-09-22,INSTACART,-30.32
2025-09-23,STARBUCKS #388,-4.97
2025-09-23,STARBUCKS #537,-6.16
2025-09-23,LOCAL DINER,-20.15
2025-09-24,DUNKIN DONUTS #785,-4.53
2025-09-24,TARGET STORE,-52.32
2025-09-24,CVS PHARMACY,-15.52
2025-09-26,MYSTERY SUBSCRIPTION,-1.99
2025-09-26,CHEVRON FUEL,-55.02
2025-09-27,CAR REPAIR SHOP,-255.39
2025-09-28,STARBUCKS #261,-7.85
2025-09-28,STARBUCKS #954,-8.59
2025-09-28,WHOLE FOODS MARKET,-83.03
2025-09-28,TARGET STORE,-83.36
2025-09-29,DIGITAL SERVICE FEE,-3.49
2025-09-29,STARBUCKS #833,-5.11
2025-09-29,STARBUCKS #109,-7.31
2025-09-29,DUNKIN DONUTS #266,-4.09
2025-09-29,WHOLE FOODS MARKET,-91.74
2025-09-30,DUNKIN DONUTS #466,-3.6
2025-09-30,CHIPOTLE MEXICAN #756,-11.4
2025-09-30,SHELL GAS STATION,-49.72
2025-10-01,DUNKIN DONUTS #522,-5.53
2025-10-01,PANERA BREAD #690,-9.58
2025-10-01,TARGET STORE,-61.68
2025-10-02,LANDLORD PAYMENT - RENT,-1500
2025-10-02,PROPERTY MANAGEMENT FEE,-75
2025-10-02,PAYCHECK - DIRECT DEPOSIT,3200
2025-10-02,STARBUCKS #677,-5.68
2025-10-02,TARGET STORE,-42.06
2025-10-03,TARGET STORE,-42.53
2025-10-03,CVS PHARMACY,-43.06
2025-10-03,BOWLING ALLEY,-32.29
2025-10-04,DUNKIN DONUTS #677,-7.24
2025-10-04,CHIPOTLE MEXICAN #970,-19.41
2025-10-04,TARGET STORE,-38.82
2025-10-04,DOORDASH ORDER,-66.95
2025-10-05,STARBUCKS #151,-8.24
2025-10-05,TACO BELL,-32.06
2025-10-06,NETFLIX SUBSCRIPTION,-15.99
2025-10-06,SPOTIFY PREMIUM,-9.99
2025-10-06,CHEVRON FUEL,-40.28
2025-10-07,STARBUCKS #129,-5.81
2025-10-07,TRADER JOES,-69.59
2025-10-07,CHEVRON FUEL,-44.55
2025-10-08,GYM MEMBERSHIP,-49.99
2025-10-08,STARBUCKS #565,-5.48
2025-10-08,STARBUCKS #119,-4.75
2025-10-08,STARBUCKS #767,-4.71
2025-10-08,PANERA BREAD #724,-11.32
2025-10-08,WHOLE FOODS MARKET,-75.48
2025-10-09,DISNEY+ STREAMING,-7.99
2025-10-09,STARBUCKS #531,-7.35
2025-10-09,PANERA BREAD #950,-13.26
2025-10-09,CHEVRON FUEL,-42.01
2025-10-10,TRADER JOES,-64.08
2025-10-10,SHELL GAS STATION,-39.61
2025-10-11,HULU SUBSCRIPTION,-14.99
2025-10-11,STARBUCKS #488,-9.5
2025-10-12,PANERA BREAD #386,-14.41
2025-10-12,SHELL GAS STATION,-44.07
2025-10-13,AMAZON PRIME MEMBERSHIP,-14.99
2025-10-13,UNKNOWN APP PURCHASE,-2.99
2025-10-13,STARBUCKS #917,-6.51
2025-10-13,CHIPOTLE MEXICAN #177,-13.58
2025-10-14,STARBUCKS #659,-6.74
2025-10-14,STARBUCKS #578,-5.0
2025-10-14,CHIPOTLE MEXICAN #543,-12.45
2025-10-14,TRADER JOES,-72.3
2025-10-15,CHIPOTLE MEXICAN #280,-10.76
2025-10-15,PANERA BREAD #706,-13.13
2025-10-15,WHOLE FOODS MARKET,-46.29
2025-10-15,CVS PHARMACY,-18.08
2025-10-15,MARSHALLS,-56.04
2025-10-15,PARKING GARAGE,-26.61
2025-10-16,ELECTRIC COMPANY - MONTHLY,-140.52
2025-10-16,GAS UTILITY BILL,-68.19
2025-10-16,PAYCHECK - DIRECT DEPOSIT,3200
2025-10-16,STARBUCKS #405,-7.33
2025-10-16,CHIPOTLE MEXICAN #969,-11.71
2025-10-16,WHOLE FOODS MARKET,-98.39
2025-10-16,TRADER JOES,-61.55
2025-10-16,CHEVRON FUEL,-54.49
2025-10-16,CVS PHARMACY,-39.13
2025-10-17,CHIPOTLE MEXICAN #170,-13.31
2025-10-17,PANERA BREAD #295,-11.58
2025-10-17,WHOLE FOODS MARKET,-63.02
2025-10-18,DUNKIN DONUTS #689,-8.15
2025-10-18,CHIPOTLE MEXICAN #348,-19.81
2025-10-18,KROGER SUPERMARKET,-58.3
2025-10-18,DESIGNER CLOTHING STORE,-389.0
2025-10-19,INTERNET SERVICE PROVIDER,-79.99
2025-10-19,PARKING GARAGE,-14.0
2025-10-19,METRO TRANSIT,-33.74
2025-10-19,MARSHALLS,-62.2
2025-10-20,STEAKHOUSE DINNER,-148.5
2025-10-21,WATER & SEWER UTILITY,-36.9
2025-10-21,APP STORE CHARGE,-4.99
2025-10-21,STARBUCKS #538,-4.75
2025-10-21,CHIPOTLE MEXICAN #915,-14.03
2025-10-21,PANERA BREAD #606,-10.68
2025-10-21,SHELL GAS STATION,-38.83
2025-10-22,SHELL GAS STATION,-41.31
2025-10-23,STARBUCKS #955,-7.06
2025-10-23,STARBUCKS #458,-4.66
2025-10-23,DUNKIN DONUTS #304,-5.87
2025-10-23,CHIPOTLE MEXICAN #376,-14.83
2025-10-23,SHELL GAS STATION,-54.02
2025-10-23,TARGET STORE,-31.16
2025-10-24,DUNKIN DONUTS #721,-3.92
2025-10-24,ROSS STORE,-27.94
2025-10-25,STARBUCKS #599,-10.07
2025-10-25,PANERA BREAD #595,-16.37
2025-10-26,MYSTERY SUBSCRIPTION,-1.99
2025-10-26,DUNKIN DONUTS #344,-7.07
2025-10-26,DUNKIN DONUTS #210,-8.28
2025-10-27,STARBUCKS #489,-6.8
2025-10-27,PANERA BREAD #317,-9.91
2025-10-28,PANERA BREAD #382,-12.51
2025-10-29,DIGITAL SERVICE FEE,-3.49
2025-10-29,STARBUCKS #646,-7.44
2025-10-29,PANERA BREAD #561,-10.39
2025-10-29,TARGET STORE,-63.27
2025-10-30,DUNKIN DONUTS #362,-4.66
2025-10-30,DUNKIN DONUTS #896,-5.3
2025-10-30,CHIPOTLE MEXICAN #948,-13.18
2025-10-31,CHIPOTLE MEXICAN #455,-13.91
2025-10-31,CHEVRON FUEL,-50.49
2025-11-01,LANDLORD PAYMENT - RENT,-1500
2025-11-01,PROPERTY MANAGEMENT FEE,-75
2025-11-01,PAYCHECK - DIRECT DEPOSIT,3200
2025-11-01,TRADER JOES,-38.42
2025-11-01,SHELL GAS STATION,-41.49
2025-11-02,STARBUCKS #370,-7.28
2025-11-02,CHIPOTLE MEXICAN #974,-19.41
2025-11-02,PANERA BREAD #822,-17.81
2025-11-02,PANERA BREAD #371,-18.07
2025-11-02,WHOLE FOODS MARKET,-69.64
2025-11-02,SHELL GAS STATION,-42.17
2025-11-03,STARBUCKS #956,-7.39
2025-11-03,STARBUCKS #521,-4.98
2025-11-03,STARBUCKS #218,-5.26
2025-11-03,DOMINOS PIZZA,-37.25
2025-11-05,NETFLIX SUBSCRIPTION,-15.99
2025-11-05,SPOTIFY PREMIUM,-9.99
2025-11-05,STARBUCKS #750,-6.26
2025-11-05,SHELL GAS STATION,-40.99
2025-11-05,CHEVRON FUEL,-41.58
2025-11-07,GYM MEMBERSHIP,-49.99
2025-11-07,CHEVRON FUEL,-58.26
2025-11-07,TARGET STORE,-63.27
2025-11-07,SPA AND WELLNESS CENTER,-175.0
2025-11-08,DISNEY+ STREAMING,-7.99
2025-11-08,CHIPOTLE MEXICAN #843,-14.02
2025-11-08,EMERGENCY ROOM VISIT,-1850.0
2025-11-09,DUNKIN DONUTS #525,-7.37
2025-11-09,CHIPOTLE MEXICAN #775,-18.11
2025-11-09,METRO TRANSIT,-24.77
2025-11-10,HULU SUBSCRIPTION,-14.99
2025-11-11,STARBUCKS #786,-5.5
2025-11-11,DUNKIN DONUTS #740,-5.39
2025-11-11,UBER EATS,-30.18
2025-11-12,AMAZON PRIME MEMBERSHIP,-14.99
2025-11-12,UNKNOWN APP PURCHASE,-2.99
2025-11-13,CHIPOTLE MEXICAN #619,-14.67
2025-11-13,PANERA BREAD #258,-12.27
2025-11-13,TRADER JOES,-39.92
2025-11-13,SHELL GAS STATION,-39.88
2025-11-13,SHELL GAS STATION,-48.64
2025-11-14,STARBUCKS #512,-5.41
2025-11-14,STARBUCKS #542,-6.29
2025-11-14,STARBUCKS #384,-6.45
2025-11-14,DUNKIN DONUTS #630,-3.64
2025-11-14,DUNKIN DONUTS #373,-3.63
2025-11-14,TARGET STORE,-65.01
2025-11-14,CVS PHARMACY,-23.4
2025-11-14,MOVIE THEATER,-28.9
2025-11-15,ELECTRIC COMPANY - MONTHLY,-152.72
2025-11-15,GAS UTILITY BILL,-73.48
2025-11-15,PAYCHECK - DIRECT DEPOSIT,3200
2025-11-15,CHIPOTLE MEXICAN #984,-20.16
2025-11-15,CHIPOTLE MEXICAN #651,-15.04
2025-11-15,CHIPOTLE MEXICAN #881,-16.33
2025-11-15,PANERA BREAD #614,-12.86
2025-11-16,STARBUCKS #372,-9.02
2025-11-16,DUNKIN DONUTS #548,-8.15
2025-11-16,DUNKIN DONUTS #961,-5.23
2025-11-16,CHIPOTLE MEXICAN #713,-16.69
2025-11-16,CHIPOTLE MEXICAN #429,-17.19
2025-11-17,STARBUCKS #227,-5.37
2025-11-17,STARBUCKS #279,-6.79
2025-11-17,CHIPOTLE MEXICAN #894,-11.17
2025-11-17,CVS PHARMACY,-33.08
2025-11-18,INTERNET SERVICE PROVIDER,-79.99
2025-11-18,WHOLE FOODS MARKET,-74.81
2025-11-19,DUNKIN DONUTS #833,-3.88
2025-11-19,TRADER JOES,-81.05
2025-11-19,TRADER JOES,-78.63
2025-11-20,WATER & SEWER UTILITY,-49.35
2025-11-20,APP STORE CHARGE,-4.99
2025-11-20,STARBUCKS #510,-5.36
2025-11-20,WHOLE FOODS MARKET,-85.02
2025-11-20,CVS PHARMACY,-17.21
2025-11-20,BOWLING ALLEY,-42.94
2025-11-21,DUNKIN DONUTS #114,-4.28
2025-11-22,STARBUCKS #126,-8.84
2025-11-22,MOVIE THEATER,-78.37
2025-11-23,STARBUCKS #777,-8.93
2025-11-24,STARBUCKS #217,-5.09
2025-11-24,STARBUCKS #944,-6.29
2025-11-24,STARBUCKS #581,-7.41
2025-11-24,STARBUCKS #565,-6.15
2025-11-24,PANERA BREAD #255,-12.26
2025-11-25,MYSTERY SUBSCRIPTION,-1.99
2025-11-25,STARBUCKS #269,-4.71
2025-11-25,STARBUCKS #990,-4.5
2025-11-25,DUNKIN DONUTS #349,-5.95
2025-11-25,ARCADE CENTER,-15.99
2025-11-26,STARBUCKS #121,-6.26
2025-11-26,TOLL ROAD,-14.75
2025-11-26,PARKING METER,-8.22
2025-11-27,DUNKIN DONUTS #129,-4.71
2025-11-27,CHIPOTLE MEXICAN #344,-14.9
2025-11-27,PANERA BREAD #638,-11.2
2025-11-27,WHOLE FOODS MARKET,-81.6
2025-11-27,CHEVRON FUEL,-52.39
2025-11-27,TARGET STORE,-52.92
2025-11-27,BOWLING ALLEY,-43.27
2025-11-28,DIGITAL SERVICE FEE,-3.49
2025-11-28,STARBUCKS #605,-6.0
2025-11-28,DUNKIN DONUTS #220,-4.65
2025-11-28,PANERA BREAD #779,-10.91
2025-11-28,PANERA BREAD #247,-9.08
2025-11-29,STARBUCKS #626,-8.0
2025-11-29,PANERA BREAD #202,-14.92
2025-11-29,WHOLE FOODS MARKET,-92.01
2025-11-30,STARBUCKS #375,-9.12
2025-11-30,DUNKIN DONUTS #345,-7.03
2025-11-30,TRADER JOES,-72.34
2025-12-01,LANDLORD PAYMENT - RENT,-1500
2025-12-01,PROPERTY MANAGEMENT FEE,-75
2025-12-01,PAYCHECK - DIRECT DEPOSIT,3200
2025-12-01,DUNKIN DONUTS #554,-4.43
2025-12-01,PANERA BREAD #229,-10.33
2025-12-02,CHIPOTLE MEXICAN #228,-11.67
2025-12-02,PANERA BREAD #470,-11.24
2025-12-02,TRADER JOES,-48.75
2025-12-02,THAI KITCHEN,-30.9
2025-12-03,STARBUCKS #370,-5.68
2025-12-03,DUNKIN DONUTS #657,-5.21
2025-12-03,SHELL GAS STATION,-48.09
2025-12-03,TARGET STORE,-69.33
2025-12-04,STARBUCKS #474,-6.12
2025-12-04,STARBUCKS #980,-7.4
2025-12-04,CHIPOTLE MEXICAN #102,-14.5
2025-12-05,NETFLIX SUBSCRIPTION,-15.99
2025-12-05,SPOTIFY PREMIUM,-9.99
2025-12-05,STARBUCKS #593,-7.24
2025-12-05,GRUBHUB DELIVERY,-23.78
2025-12-06,STARBUCKS #943,-6.57
2025-12-06,PANERA BREAD #844,-16.91
2025-12-06,AUTO PARTS AND SERVICE,-445.0
2025-12-07,GYM MEMBERSHIP,-49.99
2025-12-07,STARBUCKS #497,-8.56
2025-12-07,CHEVRON FUEL,-59.07
2025-12-08,DISNEY+ STREAMING,-7.99
2025-12-08,CHIPOTLE MEXICAN #233,-14.92
2025-12-09,STARBUCKS #199,-5.98
2025-12-09,PANERA BREAD #131,-12.22
2025-12-09,SHELL GAS STATION,-45.11
2025-12-09,CHEVRON FUEL,-46.25
2025-12-10,HULU SUBSCRIPTION,-14.99
2025-12-10,STARBUCKS #305,-5.75
2025-12-10,STARBUCKS #177,-4.85
2025-12-10,TRADER JOES,-84.73
2025-12-11,SPROUTS MARKET,-64.03
2025-12-12,AMAZON PRIME MEMBERSHIP,-14.99
2025-12-12,UNKNOWN APP PURCHASE,-2.99
2025-12-13,STARBUCKS #138,-6.89
2025-12-13,DUNKIN DONUTS #225,-5.56
2025-12-13,WHOLE FOODS MARKET,-53.1
2025-12-13,SHELL GAS STATION,-50.86
2025-12-13,CHEVRON FUEL,-54.59
2025-12-13,CVS PHARMACY,-42.22
2025-12-13,JEWELRY STORE PURCHASE,-1299.0
2025-12-14,STARBUCKS #764,-9.24
2025-12-14,STARBUCKS #860,-9.12
2025-12-14,DUNKIN DONUTS #471,-5.73
2025-12-15,ELECTRIC COMPANY - MONTHLY,-114.43
2025-12-15,GAS UTILITY BILL,-55.71
2025-12-15,PAYCHECK - DIRECT DEPOSIT,3200
2025-12-15,DUNKIN DONUTS #386,-4.52
2025-12-15,PANERA BREAD #615,-9.55
2025-12-16,STARBUCKS #950,-7.24
2025-12-16,STARBUCKS #788,-5.86
2025-12-16,CHIPOTLE MEXICAN #212,-13.99
2025-12-16,SUBWAY SANDWICH,-20.94
2025-12-16,MOVIE THEATER,-22.96
2025-12-18,INTERNET SERVICE PROVIDER,-79.99
2025-12-19,TRADER JOES,-62.42
2025-12-19,TJ MAXX,-37.02
2025-12-19,TJ MAXX,-69.09
2025-12-20,WATER & SEWER UTILITY,-53.2
2025-12-20,APP STORE CHARGE,-4.99
2025-12-20,STARBUCKS #506,-9.13
2025-12-20,STARBUCKS #734,-8.28
2025-12-20,DUNKIN DONUTS #711,-7.15
2025-12-20,CHIPOTLE MEXICAN #115,-14.18
2025-12-20,CHEVRON FUEL,-49.49
2025-12-20,CVS PHARMACY,-25.56
2025-12-21,STARBUCKS #701,-8.57
2025-12-21,WHOLE FOODS MARKET,-78.27
2025-12-21,DOORDASH ORDER,-27.31
2025-12-22,STARBUCKS #490,-5.29
2025-12-22,PANERA BREAD #863,-11.63
2025-12-23,CHIPOTLE MEXICAN #949,-11.03
2025-12-23,CHIPOTLE MEXICAN #321,-11.04
2025-12-23,PANERA BREAD #633,-13.33
2025-12-24,CHIPOTLE MEXICAN #892,-11.16
2025-12-24,PANERA BREAD #431,-10.19
2025-12-24,TARGET STORE,-58.38
2025-12-24,SPROUTS MARKET,-62.32
2025-12-25,MYSTERY SUBSCRIPTION,-1.99
2025-12-25,STARBUCKS #210,-7.32
2025-12-25,TARGET STORE,-30.59
2025-12-25,PUBLIX SUPER,-85.39
2025-12-26,SHELL GAS STATION,-43.6
2025-12-27,STARBUCKS #724,-8.66
2025-12-27,DUNKIN DONUTS #953,-7.19
2025-12-27,DUNKIN DONUTS #162,-7.16
2025-12-27,WHOLE FOODS MARKET,-69.16
2025-12-27,SHELL GAS STATION,-46.03
2025-12-27,SHELL GAS STATION,-43.28
2025-12-27,CVS PHARMACY,-43.06
2025-12-28,DIGITAL SERVICE FEE,-3.49
2025-12-29,STARBUCKS #991,-5.39
2025-12-29,STARBUCKS #474,-6.91
2025-12-29,DUNKIN DONUTS #193,-5.56
2025-12-29,CVS PHARMACY,-30.54
2025-12-30,WHOLE FOODS MARKET,-108.55
2025-12-31,LANDLORD PAYMENT - RENT,-1500
2025-12-31,PROPERTY MANAGEMENT FEE,-75
2025-12-31,PAYCHECK - DIRECT DEPOSIT,3200
2025-12-31,STARBUCKS #920,-5.47
2025-12-31,PANERA BREAD #393,-10.84
2026-01-01,STARBUCKS #534,-5.83
2026-01-01,STARBUCKS #713,-5.69
2026-01-01,STARBUCKS #316,-5.11
2026-01-01,DUNKIN DONUTS #863,-5.68
2026-01-01,DUNKIN DONUTS #643,-5.08
2026-01-01,PANERA BREAD #975,-13.32
2026-01-01,TARGET STORE,-75.67
2026-01-01,WALMART STORE,-93.23
2026-01-02,PANERA BREAD #493,-11.97
2026-01-02,CHEVRON FUEL,-53.41
2026-01-02,TARGET STORE,-71.25
2026-01-03,STARBUCKS #790,-8.89
2026-01-03,TRADER JOES,-39.08
2026-01-03,SHELL GAS STATION,-42.0
2026-01-03,CVS PHARMACY,-24.43
2026-01-04,NETFLIX SUBSCRIPTION,-15.99
2026-01-04,SPOTIFY PREMIUM,-9.99
2026-01-04,CHIPOTLE MEXICAN #605,-19.41
2026-01-04,WHOLE FOODS MARKET,-63.58
2026-01-04,CVS PHARMACY,-39.43
2026-01-04,TJ MAXX,-74.89
2026-01-05,STARBUCKS #453,-6.04
2026-01-06,GYM MEMBERSHIP,-49.99
2026-01-06,DUNKIN DONUTS #636,-4.97
2026-01-06,DUNKIN DONUTS #256,-3.93
2026-01-06,TRADER JOES,-77.58
2026-01-06,TARGET STORE,-33.25
2026-01-06,MINI GOLF,-25.53
2026-01-06,THAI KITCHEN,-11.74
2026-01-07,DISNEY+ STREAMING,-7.99
2026-01-07,PUBLIX SUPER,-80.33
2026-01-08,CHIPOTLE MEXICAN #157,-11.37
2026-01-08,CHEVRON FUEL,-59.02
2026-01-09,HULU SUBSCRIPTION,-14.99
2026-01-09,STARBUCKS #864,-4.52
2026-01-09,DUNKIN DONUTS #272,-4.33
2026-01-09,TRADER JOES,-51.48
2026-01-09,CHEVRON FUEL,-55.32
2026-01-09,CVS PHARMACY,-37.29
2026-01-10,DUNKIN DONUTS #760,-8.25
2026-01-10,CHIPOTLE MEXICAN #572,-14.52
2026-01-10,PANERA BREAD #616,-17.6
2026-01-11,AMAZON PRIME MEMBERSHIP,-14.99
2026-01-11,UNKNOWN APP PURCHASE,-2.99
2026-01-11,WHOLE FOODS MARKET,-66.22
2026-01-11,SHELL GAS STATION,-46.9
2026-01-11,SHELL GAS STATION,-50.83
2026-01-12,STARBUCKS #794,-5.35
2026-01-12,STARBUCKS #645,-4.89
2026-01-12,WHOLE FOODS MARKET,-70.38
2026-01-13,STARBUCKS #420,-4.73
2026-01-13,CHIPOTLE MEXICAN #693,-12.82
2026-01-13,CHIPOTLE MEXICAN #678,-14.62
2026-01-13,CHIPOTLE MEXICAN #746,-12.34
2026-01-13,PANERA BREAD #910,-11.77
2026-01-13,PANERA BREAD #957,-13.05
2026-01-13,WHOLE FOODS MARKET,-77.96
2026-01-14,ELECTRIC COMPANY - MONTHLY,-128.67
2026-01-14,GAS UTILITY BILL,-66.85
2026-01-14,PAYCHECK - DIRECT DEPOSIT,3200
2026-01-14,STARBUCKS #379,-5.83
2026-01-14,DUNKIN DONUTS #457,-5.76
2026-01-14,PANERA BREAD #163,-9.75
2026-01-14,CHEVRON FUEL,-40.36
2026-01-14,WENDYS,-24.16
2026-01-15,WHOLE FOODS MARKET,-56.91
2026-01-15,TRADER JOES,-54.33
2026-01-15,MINI GOLF,-65.21
2026-01-16,STARBUCKS #259,-7.15
2026-01-16,STARBUCKS #415,-6.08
2026-01-16,STARBUCKS #826,-6.22
2026-01-16,PANERA BREAD #719,-9.94
2026-01-16,WHOLE FOODS MARKET,-104.19
2026-01-17,INTERNET SERVICE PROVIDER,-79.99
2026-01-17,UBER EATS,-54.94
2026-01-17,WINE AND SPIRITS SHOP,-165.0
2026-01-18,STARBUCKS #514,-7.52
2026-01-18,CHIPOTLE MEXICAN #430,-20.91
2026-01-19,WATER & SEWER UTILITY,-51.85
2026-01-19,APP STORE CHARGE,-4.99
2026-01-19,STARBUCKS #506,-5.56
2026-01-20,STARBUCKS #681,-6.83
2026-01-20,STARBUCKS #953,-6.0
2026-01-21,PANERA BREAD #929,-9.21
2026-01-21,PREMIUM GAS STATION,-95.0
2026-01-22,STARBUCKS #396,-6.79
2026-01-22,PARKING GARAGE,-28.77
2026-01-23,DUNKIN DONUTS #249,-4.09
2026-01-23,SHELL GAS STATION,-48.4
2026-01-24,MYSTERY SUBSCRIPTION,-1.99
2026-01-25,STARBUCKS #119,-6.48
2026-01-25,CHIPOTLE MEXICAN #254,-18.39
2026-01-26,CVS PHARMACY,-13.25
2026-01-27,DIGITAL SERVICE FEE,-3.49
2026-01-27,STARBUCKS #964,-4.76
2026-01-27,SHELL GAS STATION,-41.19
2026-01-28,STARBUCKS #806,-5.88
2026-01-28,TRADER JOES,-65.14
2026-01-28,SHELL GAS STATION,-48.97
2026-01-28,LYFT RIDE,-17.93
2026-01-29,CHEVRON FUEL,-58.25
